,4RR_REP1,4RR_REP2,4R_REP1,4R_REP2,3RR_REP1,3RR_REP2,3R_REP1,3R_REP2,2RR_REP1,2RR_REP2,2R_REP1,2R_REP2,1RR_REP1,1RR_REP2,1R_REP1,1R_REP2,15_REP1,15_REP2,4L_REP1,4L_REP2,3RL_REP1,3RL_REP2,3L_REP1,3L_REP2,2RL_REP1,2RL_REP2,2L_REP1,2L_REP2,1RL_REP1,1RL_REP2,1L_REP1,1L_REP2
0,57.0,13.5,107.8,134.5,148.1,0.0,69.2,75.5,23.3,88.2,330.9,182.6,13.5,107.8,94.7,39.5,,,94.7,1.8,94.7,161.8,94.7,0.0,161.8,302.4,121.0,39.5,121.0,231.6,69.2,57.0
1,597.8,707.1,373.5,387.7,,,401.8,245.7,161.8,,316.7,416.0,203.5,134.5,231.6,231.6,231.6,302.4,316.7,380.6,472.4,486.5,217.5,217.5,430.1,359.3,267.0,217.5,196.5,224.6,69.2,107.8
0,9.45,8.04,361.99,344.39,72.14,80.05,1263.14,1198.61,466.96,497.26,640.73,381.67,63.87,65.2,116.67,125.86,,,162.4,117.06,61.74,72.57,29.83,24.91,665.16,397.46,204.38,293.54,63.71,76.44,8.18,7.54
1,366.38,391.73,1142.43,1236.91,,,137.99,117.54,480.43,,18.17,20.57,100.59,102.58,28.26,29.38,775.57,912.35,520.41,587.73,427.4,513.43,210.21,223.73,34.85,38.45,250.17,257.43,942.97,1011.42,13.41,15.58
0,13.1,9.88,14.76,16.45,11.48,6.82,4.66,1.47,9.1,13.1,28.74,17.3,7.95,14.76,169.3,166.57,,,54.59,41.55,27.84,38.77,10.67,4.66,40.62,37.85,16.45,12.29,16.45,22.06,36.02,27.84
1,36.02,43.4,48.05,44.33,,,66.79,64.91,22.06,,19.88,21.62,42.47,36.93,16.45,18.15,149.22,169.75,56.46,62.56,88.4,102.45,20.75,20.75,36.93,38.77,13.93,18.15,19.88,20.75,441.0,465.67
0,10.39,10.16,12.54,11.51,91.48,99.59,28.62,26.06,17.11,19.39,35.55,22.66,13.35,14.51,25.57,26.79,,,12.88,7.15,6.74,8.85,9.83,5.74,21.69,19.03,6.74,9.17,9.28,11.74,13.46,9.5
1,4.23,6.14,3.53,4.78,,,9.61,8.2,1.83,,8.31,10.39,3.87,4.32,2.11,1.83,7.78,11.74,6.74,9.06,9.5,9.72,2.87,2.4,10.16,12.2,2.33,2.11,1.56,1.44,3.19,3.03
